TeamName,Discipline,Country
Belgium,3x3 Basketball,Belgium
China,3x3 Basketball,People's Republic of China
China,3x3 Basketball,People's Republic of China
France,3x3 Basketball,France
Italy,3x3 Basketball,Italy
Japan,3x3 Basketball,Japan
Japan,3x3 Basketball,Japan
Latvia,3x3 Basketball,Latvia
Mongolia,3x3 Basketball,Mongolia
Netherlands,3x3 Basketball,Netherlands
Poland,3x3 Basketball,Poland
ROC,3x3 Basketball,ROC
ROC,3x3 Basketball,ROC
Romania,3x3 Basketball,Romania
Serbia,3x3 Basketball,Serbia
United States,3x3 Basketball,United States of America
Australia,Archery,Australia
Australia,Archery,Australia
Bangladesh,Archery,Bangladesh
Belarus,Archery,Belarus
Brazil,Archery,Brazil
Canada,Archery,Canada
China,Archery,People's Republic of China
China,Archery,People's Republic of China
China,Archery,People's Republic of China
Chinese Taipei,Archery,Chinese Taipei
Chinese Taipei,Archery,Chinese Taipei
Chinese Taipei,Archery,Chinese Taipei
Colombia,Archery,Colombia
Egypt,Archery,Egypt
France,Archery,France
France,Archery,France
Germany,Archery,Germany
Germany,Archery,Germany
Great Britain,Archery,Great Britain
Great Britain,Archery,Great Britain
Great Britain,Archery,Great Britain
India,Archery,India
India,Archery,India
Indonesia,Archery,Indonesia
Indonesia,Archery,Indonesia
Italy,Archery,Italy
Italy,Archery,Italy
Japan,Archery,Japan
Japan,Archery,Japan
Japan,Archery,Japan
Kazakhstan,Archery,Kazakhstan
Malaysia,Archery,Malaysia
Mexico,Archery,Mexico
Mexico,Archery,Mexico
Mongolia,Archery,Mongolia
Netherlands,Archery,Netherlands
Netherlands,Archery,Netherlands
Poland,Archery,Poland
Rep. of Moldova,Archery,Republic of Moldova
Republic of Korea,Archery,Republic of Korea
Republic of Korea,Archery,Republic of Korea
Republic of Korea,Archery,Republic of Korea
ROC,Archery,ROC
ROC,Archery,ROC
Spain,Archery,Spain
Tunisia,Archery,Tunisia
Turkey,Archery,Turkey
Ukraine,Archery,Ukraine
Ukraine,Archery,Ukraine
United States,Archery,United States of America
United States,Archery,United States of America
United States,Archery,United States of America
Vietnam,Archery,Vietnam
Belgium,Artistic Gymnastics,Belgium
Brazil,Artistic Gymnastics,Brazil
Canada,Artistic Gymnastics,Canada
China,Artistic Gymnastics,People's Republic of China
China,Artistic Gymnastics,People's Republic of China
Chinese Taipei,Artistic Gymnastics,Chinese Taipei
France,Artistic Gymnastics,France
Germany,Artistic Gymnastics,Germany
Germany,Artistic Gymnastics,Germany
Great Britain,Artistic Gymnastics,Great Britain
Great Britain,Artistic Gymnastics,Great Britain
Italy,Artistic Gymnastics,Italy
Japan,Artistic Gymnastics,Japan
Japan,Artistic Gymnastics,Japan
Netherlands,Artistic Gymnastics,Netherlands
Korea,Artistic Gymnastics,Republic of Korea
ROC,Artistic Gymnastics,ROC
ROC,Artistic Gymnastics,ROC
Spain,Artistic Gymnastics,Spain
Spain,Artistic Gymnastics,Spain
Switzerland,Artistic Gymnastics,Switzerland
Ukraine,Artistic Gymnastics,Ukraine
United States,Artistic Gymnastics,United States of America
United States,Artistic Gymnastics,United States of America
Australia,Artistic Swimming,Australia
Australia,Artistic Swimming,Australia
Austria,Artistic Swimming,Austria
Belarus,Artistic Swimming,Belarus
Canada,Artistic Swimming,Canada
Canada,Artistic Swimming,Canada
China,Artistic Swimming,People's Republic of China
China,Artistic Swimming,People's Republic of China
Colombia,Artistic Swimming,Colombia
Egypt,Artistic Swimming,Egypt
Egypt,Artistic Swimming,Egypt
France,Artistic Swimming,France
Great Britain,Artistic Swimming,Great Britain
Greece,Artistic Swimming,Greece
Greece,Artistic Swimming,Greece
Israel,Artistic Swimming,Israel
Italy,Artistic Swimming,Italy
Italy,Artistic Swimming,Italy
Japan,Artistic Swimming,Japan
Japan,Artistic Swimming,Japan
Kazakhstan,Artistic Swimming,Kazakhstan
Liechtenstein,Artistic Swimming,Liechtenstein
Mexico,Artistic Swimming,Mexico
Netherlands,Artistic Swimming,Netherlands
ROC,Artistic Swimming,ROC
ROC,Artistic Swimming,ROC
South Africa,Artistic Swimming,South Africa
Spain,Artistic Swimming,Spain
Spain,Artistic Swimming,Spain
Ukraine,Artistic Swimming,Ukraine
Ukraine,Artistic Swimming,Ukraine
United States,Artistic Swimming,United States of America
Australia,Athletics,Australia
Bahamas,Athletics,Bahamas
Belarus,Athletics,Belarus
Belgium,Athletics,Belgium
Belgium,Athletics,Belgium
Belgium,Athletics,Belgium
Botswana,Athletics,Botswana
Brazil,Athletics,Brazil
Brazil,Athletics,Brazil
Brazil,Athletics,Brazil
Canada,Athletics,Canada
Canada,Athletics,Canada
China,Athletics,People's Republic of China
China,Athletics,People's Republic of China
Colombia,Athletics,Colombia
Cuba,Athletics,Cuba
Czech Republic,Athletics,Czech Republic
Denmark,Athletics,Denmark
Denmark,Athletics,Denmark
Dominican Rep.,Athletics,Dominican Republic
Ecuador,Athletics,Ecuador
France,Athletics,France
France,Athletics,France
France,Athletics,France
France,Athletics,France
Germany,Athletics,Germany
Germany,Athletics,Germany
Germany,Athletics,Germany
Germany,Athletics,Germany
Germany,Athletics,Germany
Ghana,Athletics,Ghana
Great Britain,Athletics,Great Britain
Great Britain,Athletics,Great Britain
Great Britain,Athletics,Great Britain
Great Britain,Athletics,Great Britain
Great Britain,Athletics,Great Britain
India,Athletics,India
India,Athletics,India
Ireland,Athletics,Ireland
Italy,Athletics,Italy
Italy,Athletics,Italy
Italy,Athletics,Italy
Italy,Athletics,Italy
Italy,Athletics,Italy
Jamaica,Athletics,Jamaica
Jamaica,Athletics,Jamaica
Jamaica,Athletics,Jamaica
Jamaica,Athletics,Jamaica
Jamaica,Athletics,Jamaica
Japan,Athletics,Japan
Japan,Athletics,Japan
Japan,Athletics,Japan
Netherlands,Athletics,Netherlands
Netherlands,Athletics,Netherlands
Netherlands,Athletics,Netherlands
Netherlands,Athletics,Netherlands
Netherlands,Athletics,Netherlands
Nigeria,Athletics,Nigeria
Nigeria,Athletics,Nigeria
Poland,Athletics,Poland
Poland,Athletics,Poland
Poland,Athletics,Poland
Poland,Athletics,Poland
South Africa,Athletics,South Africa
South Africa,Athletics,South Africa
Spain,Athletics,Spain
Switzerland,Athletics,Switzerland
Switzerland,Athletics,Switzerland
Trinidad & Tobago,Athletics,Trinidad and Tobago
Trinidad & Tobago,Athletics,Trinidad and Tobago
Trinidad & Tobago,Athletics,Trinidad and Tobago
Turkey,Athletics,Turkey
Ukraine,Athletics,Ukraine
Ukraine,Athletics,Ukraine
United States,Athletics,United States of America
United States,Athletics,United States of America
United States,Athletics,United States of America
United States,Athletics,United States of America
United States,Athletics,United States of America
Australia,Baseball/Softball,Australia
Canada,Baseball/Softball,Canada
Dominican Rep.,Baseball/Softball,Dominican Republic
Israel,Baseball/Softball,Israel
Italy,Baseball/Softball,Italy
Japan,Baseball/Softball,Japan
Japan,Baseball/Softball,Japan
Mexico,Baseball/Softball,Mexico
Mexico,Baseball/Softball,Mexico
Republic of Korea,Baseball/Softball,Republic of Korea
United States,Baseball/Softball,United States of America
United States,Baseball/Softball,United States of America
Argentina,Basketball,Argentina
Australia,Basketball,Australia
Australia,Basketball,Australia
Belgium,Basketball,Belgium
Canada,Basketball,Canada
China,Basketball,People's Republic of China
Czech Republic,Basketball,Czech Republic
France,Basketball,France
France,Basketball,France
Germany,Basketball,Germany
Islamic Rep. of Iran,Basketball,Islamic Republic of Iran
Italy,Basketball,Italy
Japan,Basketball,Japan
Japan,Basketball,Japan
Nigeria,Basketball,Nigeria
Nigeria,Basketball,Nigeria
Puerto Rico,Basketball,Puerto Rico
Republic of Korea,Basketball,Republic of Korea
Serbia,Basketball,Serbia
Slovenia,Basketball,Slovenia
Spain,Basketball,Spain
Spain,Basketball,Spain
United States,Basketball,United States of America
United States,Basketball,United States of America
Azaad/Capogrosso,Beach Volleyball,Argentina
Gallay/Pereyra,Beach Volleyball,Argentina
McHugh/Schumann,Beach Volleyball,Australia
Artacho Del Solar/Clancy,Beach Volleyball,Australia
Alison/Alvaro Filho,Beach Volleyball,Brazil
Evandro/Bruno Schmidt,Beach Volleyball,Brazil
Ana Patricia/Rebecca,Beach Volleyball,Brazil
Agatha/Duda,Beach Volleyball,Brazil
Bansley/Brandie,Beach Volleyball,Canada
Pavan/Melissa,Beach Volleyball,Canada
Grimalt M./Grimalt E.,Beach Volleyball,Chile
Wang/X.Y.Xia,Beach Volleyball,People's Republic of China
Xue/Wang X.X.,Beach Volleyball,People's Republic of China
Lidy/Leila,Beach Volleyball,Cuba
Perusic/Schweiner,Beach Volleyball,Czech Republic
Hermannova/Slukova,Beach Volleyball,Czech Republic
Thole J./Wickler,Beach Volleyball,Germany
Ludwig/Kozuch,Beach Volleyball,Germany
Sude/Borger,Beach Volleyball,Germany
Nicolai/Lupo,Beach Volleyball,Italy
Carambula/Rossi,Beach Volleyball,Italy
Menegatti/Orsi Toth,Beach Volleyball,Italy
Gottsu/Shiratori,Beach Volleyball,Japan
Ishii/Murakami,Beach Volleyball,Japan
Makokha/Khadambi,Beach Volleyball,Kenya
Plavins/Tocs,Beach Volleyball,Latvia
Graudina/Kravcenoka,Beach Volleyball,Latvia
Gaxiola/Rubio,Beach Volleyball,Mexico
Abicha/Elgraoui,Beach Volleyball,Morocco
Brouwer/Meeuwsen,Beach Volleyball,Netherlands
Keizer/Meppelink,Beach Volleyball,Netherlands
Stam/Schoon,Beach Volleyball,Netherlands
Mol A./Sorum C.,Beach Volleyball,Norway
Bryl/Fijalek,Beach Volleyball,Poland
Kantor/Losiak,Beach Volleyball,Poland
Cherif/Ahmed,Beach Volleyball,Qatar
Krasilnikov/Stoyanovskiy,Beach Volleyball,ROC
Leshukov/Semenov,Beach Volleyball,ROC
Makroguzova/Kholomina,Beach Volleyball,ROC
Herrera/Gavira,Beach Volleyball,Spain
Liliana/Elsa,Beach Volleyball,Spain
Heidrich/Gerson,Beach Volleyball,Switzerland
Huberli/Betschart,Beach Volleyball,Switzerland
"Verge-Depre, A./Heidrich",Beach Volleyball,Switzerland
Gibb/Bourne,Beach Volleyball,United States of America
Lucena/Dalhausser,Beach Volleyball,United States of America
April/Alix,Beach Volleyball,United States of America
Claes/Sponcil,Beach Volleyball,United States of America
Australia,Cycling Track,Australia
Australia,Cycling Track,Australia
Australia,Cycling Track,Australia
Australia,Cycling Track,Australia
Australia,Cycling Track,Australia
Austria,Cycling Track,Austria
Belgium,Cycling Track,Belgium
Belgium,Cycling Track,Belgium
Canada,Cycling Track,Canada
Canada,Cycling Track,Canada
Canada,Cycling Track,Canada
Canada,Cycling Track,Canada
China,Cycling Track,People's Republic of China
Denmark,Cycling Track,Denmark
Denmark,Cycling Track,Denmark
Denmark,Cycling Track,Denmark
France,Cycling Track,France
France,Cycling Track,France
France,Cycling Track,France
France,Cycling Track,France
Germany,Cycling Track,Germany
Germany,Cycling Track,Germany
Germany,Cycling Track,Germany
Germany,Cycling Track,Germany
Germany,Cycling Track,Germany
Germany,Cycling Track,Germany
Great Britain,Cycling Track,Great Britain
Great Britain,Cycling Track,Great Britain
Great Britain,Cycling Track,Great Britain
Great Britain,Cycling Track,Great Britain
Great Britain,Cycling Track,Great Britain
"Hong Kong, China",Cycling Track,"Hong Kong, China"
Ireland,Cycling Track,Ireland
Ireland,Cycling Track,Ireland
Italy,Cycling Track,Italy
Italy,Cycling Track,Italy
Italy,Cycling Track,Italy
Italy,Cycling Track,Italy
Japan,Cycling Track,Japan
Lithuania,Cycling Track,Lithuania
Mexico,Cycling Track,Mexico
Netherlands,Cycling Track,Netherlands
Netherlands,Cycling Track,Netherlands
Netherlands,Cycling Track,Netherlands
Netherlands,Cycling Track,Netherlands
New Zealand,Cycling Track,New Zealand
New Zealand,Cycling Track,New Zealand
New Zealand,Cycling Track,New Zealand
New Zealand,Cycling Track,New Zealand
New Zealand,Cycling Track,New Zealand
Poland,Cycling Track,Poland
Poland,Cycling Track,Poland
Poland,Cycling Track,Poland
Poland,Cycling Track,Poland
ROC,Cycling Track,ROC
ROC,Cycling Track,ROC
ROC,Cycling Track,ROC
Spain,Cycling Track,Spain
Switzerland,Cycling Track,Switzerland
Switzerland,Cycling Track,Switzerland
Ukraine,Cycling Track,Ukraine
United States,Cycling Track,United States of America
United States,Cycling Track,United States of America
United States,Cycling Track,United States of America
Canada,Fencing,Canada
Canada,Fencing,Canada
China,Fencing,People's Republic of China
China,Fencing,People's Republic of China
China,Fencing,People's Republic of China
Egypt,Fencing,Egypt
Egypt,Fencing,Egypt
Egypt,Fencing,Egypt
Estonia,Fencing,Estonia
France,Fencing,France
France,Fencing,France
France,Fencing,France
France,Fencing,France
Germany,Fencing,Germany
Germany,Fencing,Germany
"Hong Kong, China",Fencing,"Hong Kong, China"
"Hong Kong, China",Fencing,"Hong Kong, China"
Hungary,Fencing,Hungary
Hungary,Fencing,Hungary
Hungary,Fencing,Hungary
Islamic Rep. of Iran,Fencing,Islamic Republic of Iran
Italy,Fencing,Italy
Italy,Fencing,Italy
Italy,Fencing,Italy
Italy,Fencing,Italy
Italy,Fencing,Italy
Italy,Fencing,Italy
Japan,Fencing,Japan
Japan,Fencing,Japan
Japan,Fencing,Japan
Japan,Fencing,Japan
Japan,Fencing,Japan
Poland,Fencing,Poland
Republic of Korea,Fencing,Republic of Korea
Republic of Korea,Fencing,Republic of Korea
Republic of Korea,Fencing,Republic of Korea
Republic of Korea,Fencing,Republic of Korea
ROC,Fencing,ROC
ROC,Fencing,ROC
ROC,Fencing,ROC
ROC,Fencing,ROC
ROC,Fencing,ROC
ROC,Fencing,ROC
Switzerland,Fencing,Switzerland
Tunisia,Fencing,Tunisia
Ukraine,Fencing,Ukraine
United States,Fencing,United States of America
United States,Fencing,United States of America
United States,Fencing,United States of America
United States,Fencing,United States of America
United States,Fencing,United States of America
United States,Fencing,United States of America
Argentina,Football,Argentina
Australia,Football,Australia
Australia,Football,Australia
Brazil,Football,Brazil
Brazil,Football,Brazil
Canada,Football,Canada
Chile,Football,Chile
China,Football,People's Republic of China
C�te d�Ivoire,Football,Cote D'ivoire
Egypt,Football,Egypt
France,Football,France
Germany,Football,Germany
Great Britain,Football,Great Britain
Honduras,Football,Honduras
Japan,Football,Japan
Japan,Football,Japan
Mexico,Football,Mexico
Netherlands,Football,Netherlands
New Zealand,Football,New Zealand
New Zealand,Football,New Zealand
Republic of Korea,Football,Republic of Korea
Romania,Football,Romania
Saudi Arabia,Football,Saudi Arabia
South Africa,Football,South Africa
Spain,Football,Spain
Sweden,Football,Sweden
United States,Football,United States of America
Zambia,Football,Zambia
Angola,Handball,Angola
Argentina,Handball,Argentina
Bahrain,Handball,Bahrain
Brazil,Handball,Brazil
Brazil,Handball,Brazil
Denmark,Handball,Denmark
Egypt,Handball,Egypt
France,Handball,France
France,Handball,France
Germany,Handball,Germany
Hungary,Handball,Hungary
Japan,Handball,Japan
Japan,Handball,Japan
Montenegro,Handball,Montenegro
Netherlands,Handball,Netherlands
Norway,Handball,Norway
Norway,Handball,Norway
Portugal,Handball,Portugal
Republic of Korea,Handball,Republic of Korea
ROC,Handball,ROC
Spain,Handball,Spain
Spain,Handball,Spain
Sweden,Handball,Sweden
Sweden,Handball,Sweden
Argentina,Hockey,Argentina
Argentina,Hockey,Argentina
Australia,Hockey,Australia
Australia,Hockey,Australia
Belgium,Hockey,Belgium
Canada,Hockey,Canada
China,Hockey,People's Republic of China
Germany,Hockey,Germany
Germany,Hockey,Germany
Great Britain,Hockey,Great Britain
Great Britain,Hockey,Great Britain
India,Hockey,India
India,Hockey,India
Ireland,Hockey,Ireland
Japan,Hockey,Japan
Japan,Hockey,Japan
Netherlands,Hockey,Netherlands
Netherlands,Hockey,Netherlands
New Zealand,Hockey,New Zealand
New Zealand,Hockey,New Zealand
South Africa,Hockey,South Africa
South Africa,Hockey,South Africa
Spain,Hockey,Spain
Spain,Hockey,Spain
Australia,Rhythmic Gymnastics,Australia
Azerbaijan,Rhythmic Gymnastics,Azerbaijan
Belarus,Rhythmic Gymnastics,Belarus
Brazil,Rhythmic Gymnastics,Brazil
Bulgaria,Rhythmic Gymnastics,Bulgaria
China,Rhythmic Gymnastics,People's Republic of China
Egypt,Rhythmic Gymnastics,Egypt
Israel,Rhythmic Gymnastics,Israel
Italy,Rhythmic Gymnastics,Italy
Japan,Rhythmic Gymnastics,Japan
ROC,Rhythmic Gymnastics,ROC
Ukraine,Rhythmic Gymnastics,Ukraine
United States,Rhythmic Gymnastics,United States of America
Uzbekistan,Rhythmic Gymnastics,Uzbekistan
Argentina,Rugby Sevens,Argentina
Australia,Rugby Sevens,Australia
Australia,Rugby Sevens,Australia
Brazil,Rugby Sevens,Brazil
Canada,Rugby Sevens,Canada
Canada,Rugby Sevens,Canada
China,Rugby Sevens,People's Republic of China
Fiji,Rugby Sevens,Fiji
Fiji,Rugby Sevens,Fiji
France,Rugby Sevens,France
Great Britain,Rugby Sevens,Great Britain
Great Britain,Rugby Sevens,Great Britain
Ireland,Rugby Sevens,Ireland
Japan,Rugby Sevens,Japan
Japan,Rugby Sevens,Japan
Kenya,Rugby Sevens,Kenya
Kenya,Rugby Sevens,Kenya
New Zealand,Rugby Sevens,New Zealand
New Zealand,Rugby Sevens,New Zealand
Republic of Korea,Rugby Sevens,Republic of Korea
ROC,Rugby Sevens,ROC
South Africa,Rugby Sevens,South Africa
United States,Rugby Sevens,United States of America
United States,Rugby Sevens,United States of America
Australia,Swimming,Australia
Australia,Swimming,Australia
Australia,Swimming,Australia
Australia,Swimming,Australia
Australia,Swimming,Australia
Australia,Swimming,Australia
Australia,Swimming,Australia
Belarus,Swimming,Belarus
Belarus,Swimming,Belarus
Belarus,Swimming,Belarus
Brazil,Swimming,Brazil
Brazil,Swimming,Brazil
Brazil,Swimming,Brazil
Brazil,Swimming,Brazil
Brazil,Swimming,Brazil
Brazil,Swimming,Brazil
Canada,Swimming,Canada
Canada,Swimming,Canada
Canada,Swimming,Canada
Canada,Swimming,Canada
Canada,Swimming,Canada
Canada,Swimming,Canada
China,Swimming,People's Republic of China
China,Swimming,People's Republic of China
China,Swimming,People's Republic of China
China,Swimming,People's Republic of China
China,Swimming,People's Republic of China
China,Swimming,People's Republic of China
Czech Republic,Swimming,Czech Republic
Denmark,Swimming,Denmark
Denmark,Swimming,Denmark
France,Swimming,France
France,Swimming,France
France,Swimming,France
France,Swimming,France
France,Swimming,France
Germany,Swimming,Germany
Germany,Swimming,Germany
Germany,Swimming,Germany
Germany,Swimming,Germany
Germany,Swimming,Germany
Germany,Swimming,Germany
Germany,Swimming,Germany
Great Britain,Swimming,Great Britain
Great Britain,Swimming,Great Britain
Great Britain,Swimming,Great Britain
Great Britain,Swimming,Great Britain
Great Britain,Swimming,Great Britain
Great Britain,Swimming,Great Britain
Greece,Swimming,Greece
Greece,Swimming,Greece
Greece,Swimming,Greece
"Hong Kong, China",Swimming,"Hong Kong, China"
"Hong Kong, China",Swimming,"Hong Kong, China"
"Hong Kong, China",Swimming,"Hong Kong, China"
Hungary,Swimming,Hungary
Hungary,Swimming,Hungary
Hungary,Swimming,Hungary
Hungary,Swimming,Hungary
Hungary,Swimming,Hungary
Ireland,Swimming,Ireland
Israel,Swimming,Israel
Israel,Swimming,Israel
Italy,Swimming,Italy
Italy,Swimming,Italy
Italy,Swimming,Italy
Italy,Swimming,Italy
Italy,Swimming,Italy
Italy,Swimming,Italy
Japan,Swimming,Japan
Japan,Swimming,Japan
Japan,Swimming,Japan
Japan,Swimming,Japan
Japan,Swimming,Japan
Japan,Swimming,Japan
Japan,Swimming,Japan
Lithuania,Swimming,Lithuania
Netherlands,Swimming,Netherlands
Netherlands,Swimming,Netherlands
Netherlands,Swimming,Netherlands
Netherlands,Swimming,Netherlands
New Zealand,Swimming,New Zealand
Poland,Swimming,Poland
Poland,Swimming,Poland
Poland,Swimming,Poland
Poland,Swimming,Poland
Poland,Swimming,Poland
Poland,Swimming,Poland
Republic of Korea,Swimming,Republic of Korea
Republic of Korea,Swimming,Republic of Korea
ROC,Swimming,ROC
ROC,Swimming,ROC
ROC,Swimming,ROC
ROC,Swimming,ROC
ROC,Swimming,ROC
ROC,Swimming,ROC
ROC,Swimming,ROC
Serbia,Swimming,Serbia
South Africa,Swimming,South Africa
South Africa,Swimming,South Africa
Spain,Swimming,Spain
Sweden,Swimming,Sweden
Sweden,Swimming,Sweden
Switzerland,Swimming,Switzerland
Switzerland,Swimming,Switzerland
Turkey,Swimming,Turkey
United States,Swimming,United States of America
United States,Swimming,United States of America
United States,Swimming,United States of America
United States,Swimming,United States of America
United States,Swimming,United States of America
United States,Swimming,United States of America
United States,Swimming,United States of America
Australia,Table Tennis,Australia
HU Heming / TAPPER Melissa,Table Tennis,Australia
Australia,Table Tennis,Australia
FEGERL Stefan / POLCANOVA Sofia,Table Tennis,Austria
Austria,Table Tennis,Austria
Brazil,Table Tennis,Brazil
Brazil,Table Tennis,Brazil
WANG Zhen / ZHANG Mo,Table Tennis,Canada
China,Table Tennis,People's Republic of China
XU Xin / LIU Shiwen,Table Tennis,People's Republic of China
China,Table Tennis,People's Republic of China
Chinese Taipei,Table Tennis,Chinese Taipei
LIN Yun Ju / CHENG I Ching,Table Tennis,Chinese Taipei
Chinese Taipei,Table Tennis,Chinese Taipei
Croatia,Table Tennis,Croatia
CAMPOS Jorge / FONSECA Daniela,Table Tennis,Cuba
Egypt,Table Tennis,Egypt
ASSAR Omar / MESHREF Dina,Table Tennis,Egypt
Egypt,Table Tennis,Egypt
France,Table Tennis,France
LEBESSON Emmanuel / YUAN Jia Nan,Table Tennis,France
France,Table Tennis,France
Germany,Table Tennis,Germany
FRANZISKA Patrick / SOLJA Petrissa,Table Tennis,Germany
Germany,Table Tennis,Germany
"Hong Kong, China",Table Tennis,"Hong Kong, China"
WONG Chun Ting / DOO Hoi Kem,Table Tennis,"Hong Kong, China"
"Hong Kong, China",Table Tennis,"Hong Kong, China"
SZUDI Adam / PERGEL Szandra,Table Tennis,Hungary
Hungary,Table Tennis,Hungary
ACHANTA Kamal / BATRA Manika,Table Tennis,India
Japan,Table Tennis,Japan
MIZUTANI Jun / ITO Mima,Table Tennis,Japan
Japan,Table Tennis,Japan
Poland,Table Tennis,Poland
Portugal,Table Tennis,Portugal
Republic of Korea,Table Tennis,Republic of Korea
LEE Sangsu / JEON Jihee,Table Tennis,Republic of Korea
Republic of Korea,Table Tennis,Republic of Korea
IONESCU Ovidiu / SZOCS Bernadette,Table Tennis,Romania
Romania,Table Tennis,Romania
Serbia,Table Tennis,Serbia
Singapore,Table Tennis,Singapore
PISTEJ Lubomir / BALAZOVA Barbora,Table Tennis,Slovakia
Slovenia,Table Tennis,Slovenia
Sweden,Table Tennis,Sweden
United States,Table Tennis,United States of America
United States,Table Tennis,United States of America
Australia,Triathlon,Australia
Austria,Triathlon,Austria
Belgium,Triathlon,Belgium
Canada,Triathlon,Canada
France,Triathlon,France
Germany,Triathlon,Germany
Great Britain,Triathlon,Great Britain
Hungary,Triathlon,Hungary
Italy,Triathlon,Italy
Japan,Triathlon,Japan
Mexico,Triathlon,Mexico
Netherlands,Triathlon,Netherlands
New Zealand,Triathlon,New Zealand
ROC,Triathlon,ROC
South Africa,Triathlon,South Africa
Spain,Triathlon,Spain
Switzerland,Triathlon,Switzerland
United States,Triathlon,United States of America
Argentina,Volleyball,Argentina
Argentina,Volleyball,Argentina
Brazil,Volleyball,Brazil
Brazil,Volleyball,Brazil
Canada,Volleyball,Canada
China,Volleyball,People's Republic of China
Dominican Rep.,Volleyball,Dominican Republic
France,Volleyball,France
Islamic Rep. of Iran,Volleyball,Islamic Republic of Iran
Italy,Volleyball,Italy
Italy,Volleyball,Italy
Japan,Volleyball,Japan
Japan,Volleyball,Japan
Kenya,Volleyball,Kenya
Poland,Volleyball,Poland
Republic of Korea,Volleyball,Republic of Korea
ROC,Volleyball,ROC
ROC,Volleyball,ROC
Serbia,Volleyball,Serbia
Tunisia,Volleyball,Tunisia
Turkey,Volleyball,Turkey
United States,Volleyball,United States of America
United States,Volleyball,United States of America
Venezuela,Volleyball,Venezuela
Australia,Water Polo,Australia
Australia,Water Polo,Australia
Canada,Water Polo,Canada
China,Water Polo,People's Republic of China
Croatia,Water Polo,Croatia
Greece,Water Polo,Greece
Hungary,Water Polo,Hungary
Hungary,Water Polo,Hungary
Italy,Water Polo,Italy
Japan,Water Polo,Japan
Japan,Water Polo,Japan
Kazakhstan,Water Polo,Kazakhstan
Montenegro,Water Polo,Montenegro
Netherlands,Water Polo,Netherlands
ROC,Water Polo,ROC
Serbia,Water Polo,Serbia
South Africa,Water Polo,South Africa
South Africa,Water Polo,South Africa
Spain,Water Polo,Spain
Spain,Water Polo,Spain
United States,Water Polo,United States of America
United States,Water Polo,United States of America
